<?xml version="1.0"?>
<!--<!DOCTYPE metadata SYSTEM "http://www.esri.com/metadata/esriprof80.dtd">-->
<metadata xml:lang="en"><Esri><CreaDate>20100807</CreaDate><CreaTime>16570100</CreaTime><SyncDate>20100907</SyncDate><SyncTime>11182300</SyncTime><ModDate>20100907</ModDate><ModTime>11182300</ModTime><SyncOnce>FALSE</SyncOnce><MetaID>{0385DEF7-BEBD-4154-9990-AB4F818FD10C}</MetaID><DataProperties><lineage><Process ToolSource="C:\Program Files\ArcGIS\ArcToolbox\Toolboxes\Data Management Tools.tbx\CopyFeatures" Date="20100907" Time="111824">CopyFeatures "Database Connections\\sdgovgisdbd.sde\\SD.CDC_BND_CENSUS2000BLKGRP_A" \\govgisupdate\gisupdate\DenverGIS\projects\public_data_ftp\census\census_boundaries_block_group_2000.shp # 0 0 0</Process></lineage></DataProperties></Esri><idinfo><native Sync="TRUE">Microsoft Windows 2000 Version 5.2 (Build 3790) Service Pack 2; ESRI ArcCatalog 9.3.1.1850</native><descript><langdata Sync="TRUE">en</langdata><abstract>The U.S. Census Bureau's year 2000 census block group boundaries for the City and County of Denver.  The original census block group boundaries have been adjusted to various Denver GIS data layers to increase the spatial accuracy of this data.  Although every effort was made to ensure the accurate rectification of the data, due to geographic problems inherent in the original 2000 census block data, errors may exist.  This data-set includes the housing and population data from summary tape file 1 of the 2000 census.  The data-set does not contain data for any enclaves administered by other jurisdictions that are located within the City and County of Denver's boundary.</abstract><purpose>This data set should be used for planning and analysis of activities that are within the City and County of Denver.</purpose><supplinf>The currentness of the data set is defined by the most recent date listed under Time Period of Information.</supplinf></descript><citation><citeinfo><origin>Public Works - G.I.S.</origin><pubdate>July 18, 2002</pubdate><title Sync="TRUE">census_boundaries_block_group_2000</title><ftname Sync="TRUE">census_boundaries_block_group_2000</ftname><geoform Sync="TRUE">vector digital data</geoform><pubtime>Unknown</pubtime><edition>First</edition><onlink Sync="TRUE">\\govgisupdate\gisupdate\DenverGIS\projects\public_data_ftp\census\census_boundaries_block_group_2000.shp</onlink></citeinfo></citation><timeperd><current>ground condition</current><timeinfo><mdattim><sngdate><caldate>April 1, 2000</caldate><time>unknown</time></sngdate></mdattim><sngdate><caldate>REQUIRED: The year (and optionally month, or month and day) for which the data set corresponds to the ground.</caldate></sngdate></timeinfo></timeperd><status><progress>Complete</progress><update>As needed</update></status><spdom><bounding><westbc Sync="TRUE">-105.110037</westbc><eastbc Sync="TRUE">-104.599352</eastbc><northbc Sync="TRUE">39.916326</northbc><southbc Sync="TRUE">39.611720</southbc></bounding><lboundng><leftbc Sync="TRUE">3109862.145147</leftbc><rightbc Sync="TRUE">3252651.339245</rightbc><bottombc Sync="TRUE">1648944.335415</bottombc><topbc Sync="TRUE">1758893.819346</topbc></lboundng><altunits>U.S. Survey Feet</altunits></spdom><keywords><theme><themekt>Boundary</themekt><themekey>Census</themekey><themekey>Block Group</themekey><themekey>Population</themekey><themekey>Housing</themekey></theme><place><placekey>Denver</placekey><placekey>Denver County</placekey><placekey>Colorado</placekey></place><temporal><tempkey>Year 2000</tempkey></temporal></keywords><accconst>This data set is provided as read-only.  Contact the GIS Supervisor for more information on distribution requirements/restrictions</accconst><natvform Sync="TRUE">Shapefile</natvform><ptcontac><cntinfo><cntaddr><addrtype>mailing and physical address</addrtype><address>201 W Colfax Ave Dept 301</address><city>Denver</city><state>Colorado</state><postal>80202</postal><country>U.S.A.</country></cntaddr><cntemail>denvergis@ci.denver.co.us</cntemail><hours>7:30am - 4:30pm MST</hours><cntinst>Please use web based form for data requests</cntinst><cntorgp><cntorg>City and County of Denver GIS</cntorg></cntorgp><cntfax>720-913-4830</cntfax></cntinfo></ptcontac><datacred>City and County of Denver Department of Public Works - Infrastructure, Planning, and Programming</datacred><secinfo><secclass>Unclassified</secclass></secinfo><useconst>This is not a legal representation of the City and County of Denver's Census Block Group boundaries.  The City and County of Denver shall not be liable for damages of any kind arising out of the use of this information.  The information is provided "as is" without warranty of any kind, express or implied, including, but not limited to, the fitness for a particular use.</useconst></idinfo><metainfo><langmeta Sync="TRUE">en</langmeta><metstdn Sync="TRUE">FGDC Content Standards for Digital Geospatial Metadata</metstdn><metstdv Sync="TRUE">FGDC-STD-001-1998</metstdv><mettc Sync="TRUE">local time</mettc><metc><cntinfo><cntaddr><addrtype>mailing and physical address</addrtype><city>Denver</city><state>Colorado</state><postal>80202</postal><address>201 W Colfax Ave Dept 301</address><country>U.S.A.</country></cntaddr><cntpos></cntpos><cntfax>720-913-4830</cntfax><cntemail>denvergis@ci.denver.co.us</cntemail><hours>7:30am - 4:30pm MST</hours><cntperp><cntper>Denver GIS</cntper><cntorg>City and County of Denver GIS</cntorg></cntperp><cntorgp><cntper>REQUIRED: The person responsible for the metadata information.</cntper><cntorg>REQUIRED: The organization responsible for the metadata information.</cntorg></cntorgp><cntvoice>REQUIRED: The telephone number by which individuals can speak to the organization or individual.</cntvoice></cntinfo></metc><metd Sync="TRUE">20100907</metd><metextns><onlink Sync="TRUE">http://www.esri.com/metadata/esriprof80.html</onlink><metprof Sync="TRUE">ESRI Metadata Profile</metprof></metextns></metainfo><spdoinfo><direct Sync="TRUE">Vector</direct><ptvctinf><esriterm Name="census_boundaries_block_group_2000"><efeatyp Sync="TRUE">Simple</efeatyp><efeageom Sync="TRUE">Polygon</efeageom><esritopo Sync="TRUE">FALSE</esritopo><efeacnt Sync="TRUE">0</efeacnt><spindex Sync="TRUE">FALSE</spindex><linrefer Sync="TRUE">FALSE</linrefer></esriterm><sdtsterm Name="census_boundaries_block_group_2000"><sdtstype Sync="TRUE">G-polygon</sdtstype><ptvctcnt Sync="TRUE">0</ptvctcnt></sdtsterm><esriterm Name="label"><efeatyp Sync="TRUE">Simple</efeatyp><efeageom Sync="TRUE">Label</efeageom><esritopo Sync="TRUE">FALSE</esritopo><efeacnt Sync="TRUE">485</efeacnt><spindex Sync="TRUE">FALSE</spindex><linrefer Sync="TRUE">FALSE</linrefer></esriterm><sdtsterm Name="label"><sdtstype Sync="TRUE">Label point</sdtstype><ptvctcnt Sync="TRUE">485</ptvctcnt></sdtsterm><esriterm Name="polygon"><efeatyp Sync="TRUE">Simple</efeatyp><efeageom Sync="TRUE">Polygon</efeageom><esritopo Sync="TRUE">TRUE</esritopo><efeacnt Sync="TRUE">485</efeacnt><spindex Sync="TRUE">FALSE</spindex><linrefer Sync="TRUE">FALSE</linrefer></esriterm><sdtsterm Name="polygon"><sdtstype Sync="TRUE">GT-polygon composed of chains</sdtstype><ptvctcnt Sync="TRUE">485</ptvctcnt></sdtsterm><esriterm Name="tic"><efeatyp Sync="TRUE">Simple</efeatyp><efeageom Sync="TRUE">Tic</efeageom><esritopo Sync="TRUE">FALSE</esritopo><efeacnt Sync="TRUE">48</efeacnt><spindex Sync="TRUE">FALSE</spindex><linrefer Sync="TRUE">FALSE</linrefer></esriterm><sdtsterm Name="tic"><sdtstype Sync="TRUE">Point</sdtstype><ptvctcnt Sync="TRUE">48</ptvctcnt></sdtsterm></ptvctinf></spdoinfo><spref><horizsys><cordsysn><geogcsn Sync="TRUE">GCS_North_American_1983_HARN</geogcsn><projcsn Sync="TRUE">NAD_1983_HARN_StatePlane_Colorado_Central_FIPS_0502_Feet</projcsn></cordsysn><planar><planci><plance Sync="TRUE">coordinate pair</plance><plandu Sync="TRUE">survey feet</plandu><coordrep><absres Sync="TRUE">0.000000</absres><ordres Sync="TRUE">0.000000</ordres></coordrep></planci><mapproj><mapprojn Sync="TRUE">Lambert Conformal Conic</mapprojn><lambertc><stdparll Sync="TRUE">38.450000</stdparll><stdparll Sync="TRUE">39.750000</stdparll><longcm Sync="TRUE">-105.500000</longcm><latprjo Sync="TRUE">37.833333</latprjo><feast Sync="TRUE">3000000.000316</feast><fnorth Sync="TRUE">999999.999996</fnorth></lambertc></mapproj></planar><geodetic><horizdn Sync="TRUE">D_North_American_1983_HARN</horizdn><ellips Sync="TRUE">Geodetic Reference System 80</ellips><semiaxis Sync="TRUE">6378137.000000</semiaxis><denflat Sync="TRUE">298.257222</denflat></geodetic></horizsys><vertdef><altsys><altenc Sync="TRUE">Explicit elevation coordinate included with horizontal coordinates</altenc><altres Sync="TRUE">1.000000</altres></altsys></vertdef></spref><eainfo><detailed Name="census_boundaries_block_group_2000"><attr><attrlabl Sync="TRUE">Shape</attrlabl><attalias Sync="TRUE">PERIMETER</attalias><attrtype Sync="TRUE">Double</attrtype><attwidth Sync="TRUE">19</attwidth><atprecis Sync="TRUE">18</atprecis><attscale Sync="TRUE">8</attscale><attrdef Sync="TRUE">Feature geometry.</attrdef><attrdefs Sync="TRUE">ESRI</attrdefs><attrdomv><udom Sync="TRUE">Coordinates defining the features.</udom></attrdomv></attr><attr><attrlabl Sync="TRUE">SHAPE</attrlabl><attalias Sync="TRUE">FID</attalias><attrtype Sync="TRUE">OID</attrtype><attwidth Sync="TRUE">4</attwidth><atprecis Sync="TRUE">0</atprecis><attscale Sync="TRUE">0</attscale><attrdef Sync="TRUE">Feature geometry.</attrdef><attrdefs Sync="TRUE">ESRI</attrdefs><attrdomv><udom Sync="TRUE">Coordinates defining the features.</udom></attrdomv></attr><attr><attrlabl Sync="TRUE">PERIMETER</attrlabl><attalias Sync="TRUE">STFID</attalias><attrtype Sync="TRUE">Number</attrtype><attwidth Sync="TRUE">19</attwidth></attr><attr><attrlabl Sync="TRUE">SD_CDC_BND</attrlabl><attalias Sync="TRUE">SD_CDC_BND</attalias><attrtype Sync="TRUE">Number</attrtype><attwidth Sync="TRUE">19</attwidth></attr><attr><attrlabl Sync="TRUE">STFID</attrlabl><attalias Sync="TRUE">STATE</attalias><attrtype Sync="TRUE">String</attrtype><attwidth Sync="TRUE">16</attwidth></attr><attr><attrlabl Sync="TRUE">BLKGRP2000</attrlabl><attalias Sync="TRUE">BLKGRP2000</attalias><attrtype Sync="TRUE">Number</attrtype><attwidth Sync="TRUE">10</attwidth></attr><attr><attrlabl Sync="TRUE">BLKGRP20_1</attrlabl><attalias Sync="TRUE">BLKGRP20_1</attalias><attrtype Sync="TRUE">Number</attrtype><attwidth Sync="TRUE">10</attwidth></attr><attr><attrlabl Sync="TRUE">STATE</attrlabl><attalias Sync="TRUE">COUNTY</attalias><attrtype Sync="TRUE">String</attrtype><attwidth Sync="TRUE">2</attwidth></attr><attr><attrlabl Sync="TRUE">COUNTY</attrlabl><attalias Sync="TRUE">COUNTYNAME</attalias><attrtype Sync="TRUE">String</attrtype><attwidth Sync="TRUE">3</attwidth></attr><attr><attrlabl Sync="TRUE">COUNTYNAME</attrlabl><attalias Sync="TRUE">TRACT</attalias><attrtype Sync="TRUE">String</attrtype><attwidth Sync="TRUE">10</attwidth></attr><attr><attrlabl Sync="TRUE">TRACT</attrlabl><attalias Sync="TRUE">BLKGRP</attalias><attrtype Sync="TRUE">String</attrtype><attwidth Sync="TRUE">6</attwidth></attr><attr><attrlabl Sync="TRUE">BLKGRP</attrlabl><attalias Sync="TRUE">POP2000</attalias><attrtype Sync="TRUE">String</attrtype><attwidth Sync="TRUE">1</attwidth></attr><attr><attrlabl Sync="TRUE">POP2000</attrlabl><attalias Sync="TRUE">POPDENSITY</attalias><attrtype Sync="TRUE">Number</attrtype><attwidth Sync="TRUE">9</attwidth></attr><attr><attrlabl Sync="TRUE">POPDENSITY</attrlabl><attalias Sync="TRUE">WHITE</attalias><attrtype Sync="TRUE">Number</attrtype><attwidth Sync="TRUE">10</attwidth></attr><attr><attrlabl Sync="TRUE">WHITE</attrlabl><attalias Sync="TRUE">BLACK</attalias><attrtype Sync="TRUE">Number</attrtype><attwidth Sync="TRUE">9</attwidth></attr><attr><attrlabl Sync="TRUE">BLACK</attrlabl><attalias Sync="TRUE">AMERI_ES</attalias><attrtype Sync="TRUE">Number</attrtype><attwidth Sync="TRUE">9</attwidth></attr><attr><attrlabl Sync="TRUE">AMERI_ES</attrlabl><attalias Sync="TRUE">ASIAN</attalias><attrtype Sync="TRUE">Number</attrtype><attwidth Sync="TRUE">9</attwidth></attr><attr><attrlabl Sync="TRUE">ASIAN</attrlabl><attalias Sync="TRUE">HAWN_PI</attalias><attrtype Sync="TRUE">Number</attrtype><attwidth Sync="TRUE">9</attwidth></attr><attr><attrlabl Sync="TRUE">HAWN_PI</attrlabl><attalias Sync="TRUE">OTHER</attalias><attrtype Sync="TRUE">Number</attrtype><attwidth Sync="TRUE">9</attwidth></attr><attr><attrlabl Sync="TRUE">OTHER</attrlabl><attalias Sync="TRUE">MULT_RACE</attalias><attrtype Sync="TRUE">Number</attrtype><attwidth Sync="TRUE">9</attwidth></attr><attr><attrlabl Sync="TRUE">MULT_RACE</attrlabl><attalias Sync="TRUE">HISPANIC</attalias><attrtype Sync="TRUE">Number</attrtype><attwidth Sync="TRUE">9</attwidth></attr><attr><attrlabl Sync="TRUE">HISPANIC</attrlabl><attalias Sync="TRUE">MALES</attalias><attrtype Sync="TRUE">Number</attrtype><attwidth Sync="TRUE">9</attwidth></attr><attr><attrlabl Sync="TRUE">MALES</attrlabl><attalias Sync="TRUE">FEMALES</attalias><attrtype Sync="TRUE">Number</attrtype><attwidth Sync="TRUE">9</attwidth></attr><attr><attrlabl Sync="TRUE">FEMALES</attrlabl><attalias Sync="TRUE">AGE_UNDER5</attalias><attrtype Sync="TRUE">Number</attrtype><attwidth Sync="TRUE">9</attwidth></attr><attr><attrlabl Sync="TRUE">AGE_UNDER5</attrlabl><attalias Sync="TRUE">AGE_5_17</attalias><attrtype Sync="TRUE">Number</attrtype><attwidth Sync="TRUE">9</attwidth></attr><attr><attrlabl Sync="TRUE">AGE_5_17</attrlabl><attalias Sync="TRUE">AGE_18_21</attalias><attrtype Sync="TRUE">Number</attrtype><attwidth Sync="TRUE">9</attwidth></attr><attr><attrlabl Sync="TRUE">AGE_18_21</attrlabl><attalias Sync="TRUE">AGE_22_29</attalias><attrtype Sync="TRUE">Number</attrtype><attwidth Sync="TRUE">9</attwidth></attr><attr><attrlabl Sync="TRUE">AGE_22_29</attrlabl><attalias Sync="TRUE">AGE_30_39</attalias><attrtype Sync="TRUE">Number</attrtype><attwidth Sync="TRUE">9</attwidth></attr><attr><attrlabl Sync="TRUE">AGE_30_39</attrlabl><attalias Sync="TRUE">AGE_40_49</attalias><attrtype Sync="TRUE">Number</attrtype><attwidth Sync="TRUE">9</attwidth></attr><attr><attrlabl Sync="TRUE">AGE_40_49</attrlabl><attalias Sync="TRUE">AGE_50_64</attalias><attrtype Sync="TRUE">Number</attrtype><attwidth Sync="TRUE">9</attwidth></attr><attr><attrlabl Sync="TRUE">AGE_50_64</attrlabl><attalias Sync="TRUE">AGE_65_UP</attalias><attrtype Sync="TRUE">Number</attrtype><attwidth Sync="TRUE">9</attwidth></attr><attr><attrlabl Sync="TRUE">AGE_65_UP</attrlabl><attalias Sync="TRUE">MED_AGE</attalias><attrtype Sync="TRUE">Number</attrtype><attwidth Sync="TRUE">9</attwidth></attr><attr><attrlabl Sync="TRUE">MED_AGE</attrlabl><attalias Sync="TRUE">MED_AGE_M</attalias><attrtype Sync="TRUE">Number</attrtype><attwidth Sync="TRUE">10</attwidth></attr><attr><attrlabl Sync="TRUE">MED_AGE_M</attrlabl><attalias Sync="TRUE">MED_AGE_F</attalias><attrtype Sync="TRUE">Number</attrtype><attwidth Sync="TRUE">10</attwidth></attr><attr><attrlabl Sync="TRUE">MED_AGE_F</attrlabl><attalias Sync="TRUE">HOUSEHOLDS</attalias><attrtype Sync="TRUE">Number</attrtype><attwidth Sync="TRUE">10</attwidth></attr><attr><attrlabl Sync="TRUE">HOUSEHOLDS</attrlabl><attalias Sync="TRUE">AVE_HH_SZ</attalias><attrtype Sync="TRUE">Number</attrtype><attwidth Sync="TRUE">9</attwidth></attr><attr><attrlabl Sync="TRUE">AVE_HH_SZ</attrlabl><attalias Sync="TRUE">HSEHLD_1_M</attalias><attrtype Sync="TRUE">Number</attrtype><attwidth Sync="TRUE">10</attwidth></attr><attr><attrlabl Sync="TRUE">HSEHLD_1_M</attrlabl><attalias Sync="TRUE">HSEHLD_1_F</attalias><attrtype Sync="TRUE">Number</attrtype><attwidth Sync="TRUE">9</attwidth></attr><attr><attrlabl Sync="TRUE">HSEHLD_1_F</attrlabl><attalias Sync="TRUE">MARHH_CHD</attalias><attrtype Sync="TRUE">Number</attrtype><attwidth Sync="TRUE">9</attwidth></attr><attr><attrlabl Sync="TRUE">MARHH_CHD</attrlabl><attalias Sync="TRUE">MARHH_NO_C</attalias><attrtype Sync="TRUE">Number</attrtype><attwidth Sync="TRUE">9</attwidth></attr><attr><attrlabl Sync="TRUE">MARHH_NO_C</attrlabl><attalias Sync="TRUE">MHH_CHILD</attalias><attrtype Sync="TRUE">Number</attrtype><attwidth Sync="TRUE">9</attwidth></attr><attr><attrlabl Sync="TRUE">MHH_CHILD</attrlabl><attalias Sync="TRUE">FHH_CHILD</attalias><attrtype Sync="TRUE">Number</attrtype><attwidth Sync="TRUE">9</attwidth></attr><attr><attrlabl Sync="TRUE">FHH_CHILD</attrlabl><attalias Sync="TRUE">FAMILIES</attalias><attrtype Sync="TRUE">Number</attrtype><attwidth Sync="TRUE">9</attwidth></attr><attr><attrlabl Sync="TRUE">FAMILIES</attrlabl><attalias Sync="TRUE">AVE_FAM_SZ</attalias><attrtype Sync="TRUE">Number</attrtype><attwidth Sync="TRUE">9</attwidth></attr><attr><attrlabl Sync="TRUE">AVE_FAM_SZ</attrlabl><attalias Sync="TRUE">HSE_UNITS</attalias><attrtype Sync="TRUE">Number</attrtype><attwidth Sync="TRUE">10</attwidth></attr><attr><attrlabl Sync="TRUE">HSE_UNITS</attrlabl><attalias Sync="TRUE">URBAN</attalias><attrtype Sync="TRUE">Number</attrtype><attwidth Sync="TRUE">9</attwidth></attr><enttyp><enttypl Sync="TRUE">census_boundaries_block_group_2000</enttypl><enttypt Sync="TRUE">Feature Class</enttypt><enttypc Sync="TRUE">0</enttypc></enttyp><attr><attrlabl Sync="TRUE">URBAN</attrlabl><attalias Sync="TRUE">RURAL</attalias><attrtype Sync="TRUE">Number</attrtype><attwidth Sync="TRUE">9</attwidth></attr><attr><attrlabl Sync="TRUE">RURAL</attrlabl><attalias Sync="TRUE">VACANT</attalias><attrtype Sync="TRUE">Number</attrtype><attwidth Sync="TRUE">9</attwidth></attr><attr><attrlabl Sync="TRUE">VACANT</attrlabl><attalias Sync="TRUE">OWNER_OCC</attalias><attrtype Sync="TRUE">Number</attrtype><attwidth Sync="TRUE">9</attwidth></attr><attr><attrlabl Sync="TRUE">OWNER_OCC</attrlabl><attalias Sync="TRUE">RENTER_OCC</attalias><attrtype Sync="TRUE">Number</attrtype><attwidth Sync="TRUE">9</attwidth></attr><attr><attrlabl Sync="TRUE">RENTER_OCC</attrlabl><attalias Sync="TRUE">Shape</attalias><attrtype Sync="TRUE">Number</attrtype><attwidth Sync="TRUE">9</attwidth><attrdef Sync="TRUE">Feature geometry.</attrdef><attrdefs Sync="TRUE">ESRI</attrdefs><attrdomv><udom Sync="TRUE">Coordinates defining the features.</udom></attrdomv></attr><attr><attrlabl Sync="TRUE">SHAPE_AREA</attrlabl><attalias Sync="TRUE">SHAPE_AREA</attalias><attrtype Sync="TRUE">Float</attrtype><attwidth Sync="TRUE">19</attwidth><attrdef Sync="TRUE">Area of feature in internal units squared.</attrdef><attrdefs Sync="TRUE">ESRI</attrdefs><attrdomv><udom Sync="TRUE">Positive real numbers that are automatically generated.</udom></attrdomv><atnumdec Sync="TRUE">11</atnumdec></attr><attr><attrlabl Sync="TRUE">SHAPE_LEN</attrlabl><attalias Sync="TRUE">SHAPE_LEN</attalias><attrtype Sync="TRUE">Float</attrtype><attwidth Sync="TRUE">19</attwidth><atnumdec Sync="TRUE">11</atnumdec></attr></detailed><detailed Name="blkgrp2000.pat"><enttyp><enttypl Sync="TRUE">blkgrp2000.pat</enttypl><enttypt Sync="TRUE">Feature Class</enttypt><enttypc Sync="TRUE">485</enttypc></enttyp><attr><attrlabl Sync="TRUE">FID</attrlabl><attalias Sync="TRUE">FID</attalias><attrtype Sync="TRUE">OID</attrtype><attwidth Sync="TRUE">4</attwidth><atprecis Sync="TRUE">0</atprecis><attscale Sync="TRUE">0</attscale><attrdef Sync="TRUE">Internal feature number.</attrdef><attrdefs Sync="TRUE">ESRI</attrdefs><attrdomv><udom Sync="TRUE">Sequential unique whole numbers that are automatically generated.</udom></attrdomv></attr><attr><attrlabl Sync="TRUE">Shape</attrlabl><attalias Sync="TRUE">Shape</attalias><attrtype Sync="TRUE">Geometry</attrtype><attwidth Sync="TRUE">0</attwidth><atprecis Sync="TRUE">0</atprecis><attscale Sync="TRUE">0</attscale><attrdef Sync="TRUE">Feature geometry.</attrdef><attrdefs Sync="TRUE">ESRI</attrdefs><attrdomv><udom Sync="TRUE">Coordinates defining the features.</udom></attrdomv></attr><attr><attrlabl Sync="TRUE">AREA</attrlabl><attwidth Sync="TRUE">19</attwidth><atoutwid Sync="TRUE">18</atoutwid><attrtype Sync="TRUE">Number</attrtype><atnumdec Sync="TRUE">8</atnumdec><attrdef Sync="TRUE">Area of feature in internal units squared.</attrdef><attrdefs Sync="TRUE">ESRI</attrdefs><attrdomv><udom Sync="TRUE">Positive real numbers that are automatically generated.</udom></attrdomv></attr><attr><attrlabl Sync="TRUE">PERIMETER</attrlabl><attwidth Sync="TRUE">19</attwidth><atoutwid Sync="TRUE">18</atoutwid><attrtype Sync="TRUE">Number</attrtype><atnumdec Sync="TRUE">8</atnumdec><attrdef Sync="TRUE">Perimeter of feature in internal units.</attrdef><attrdefs Sync="TRUE">ESRI</attrdefs><attrdomv><udom Sync="TRUE">Positive real numbers that are automatically generated.</udom></attrdomv></attr><attr><attrlabl Sync="TRUE">BLKGRP2000#</attrlabl><attwidth Sync="TRUE">16</attwidth><atoutwid Sync="TRUE">5</atoutwid><attrtype Sync="TRUE">String</attrtype><attrdef Sync="TRUE">Internal feature number.</attrdef><attrdefs Sync="TRUE">ESRI</attrdefs><attrdomv><udom Sync="TRUE">Sequential unique whole numbers that are automatically generated.</udom></attrdomv></attr><attr><attrlabl Sync="TRUE">BLKGRP2000-ID</attrlabl><attwidth Sync="TRUE">10</attwidth><atoutwid Sync="TRUE">5</atoutwid><attrtype Sync="TRUE">Number</attrtype><attrdef Sync="TRUE">User-defined feature number.</attrdef><attrdefs Sync="TRUE">ESRI</attrdefs></attr><attr><attrlabl Sync="TRUE">STFID</attrlabl><attwidth Sync="TRUE">10</attwidth><atoutwid Sync="TRUE">16</atoutwid><attrtype Sync="TRUE">Number</attrtype></attr><attr><attrlabl Sync="TRUE">STATE</attrlabl><attwidth Sync="TRUE">2</attwidth><atoutwid Sync="TRUE">2</atoutwid><attrtype Sync="TRUE">String</attrtype></attr><attr><attrlabl Sync="TRUE">COUNTY</attrlabl><attwidth Sync="TRUE">3</attwidth><atoutwid Sync="TRUE">3</atoutwid><attrtype Sync="TRUE">String</attrtype></attr><attr><attrlabl Sync="TRUE">COUNTYNAME</attrlabl><attwidth Sync="TRUE">10</attwidth><atoutwid Sync="TRUE">10</atoutwid><attrtype Sync="TRUE">String</attrtype></attr><attr><attrlabl Sync="TRUE">TRACT</attrlabl><attwidth Sync="TRUE">6</attwidth><atoutwid Sync="TRUE">6</atoutwid><attrtype Sync="TRUE">String</attrtype></attr><attr><attrlabl Sync="TRUE">BLKGRP</attrlabl><attwidth Sync="TRUE">1</attwidth><atoutwid Sync="TRUE">1</atoutwid><attrtype Sync="TRUE">String</attrtype></attr><attr><attrlabl Sync="TRUE">POP2000</attrlabl><attwidth Sync="TRUE">9</attwidth><atoutwid Sync="TRUE">9</atoutwid><attrtype Sync="TRUE">Number</attrtype></attr><attr><attrlabl Sync="TRUE">POPDENSITY</attrlabl><attwidth Sync="TRUE">10</attwidth><atoutwid Sync="TRUE">9</atoutwid><attrtype Sync="TRUE">Number</attrtype><atnumdec Sync="TRUE">2</atnumdec></attr><attr><attrlabl Sync="TRUE">WHITE</attrlabl><attwidth Sync="TRUE">9</attwidth><atoutwid Sync="TRUE">9</atoutwid><attrtype Sync="TRUE">Number</attrtype></attr><attr><attrlabl Sync="TRUE">BLACK</attrlabl><attwidth Sync="TRUE">9</attwidth><atoutwid Sync="TRUE">9</atoutwid><attrtype Sync="TRUE">Number</attrtype></attr><attr><attrlabl Sync="TRUE">AMERI_ES</attrlabl><attwidth Sync="TRUE">9</attwidth><atoutwid Sync="TRUE">9</atoutwid><attrtype Sync="TRUE">Number</attrtype></attr><attr><attrlabl Sync="TRUE">ASIAN</attrlabl><attwidth Sync="TRUE">9</attwidth><atoutwid Sync="TRUE">9</atoutwid><attrtype Sync="TRUE">Number</attrtype></attr><attr><attrlabl Sync="TRUE">HAWN_PI</attrlabl><attwidth Sync="TRUE">9</attwidth><atoutwid Sync="TRUE">9</atoutwid><attrtype Sync="TRUE">Number</attrtype></attr><attr><attrlabl Sync="TRUE">OTHER</attrlabl><attwidth Sync="TRUE">9</attwidth><atoutwid Sync="TRUE">9</atoutwid><attrtype Sync="TRUE">Number</attrtype></attr><attr><attrlabl Sync="TRUE">MULT_RACE</attrlabl><attwidth Sync="TRUE">9</attwidth><atoutwid Sync="TRUE">9</atoutwid><attrtype Sync="TRUE">Number</attrtype></attr><attr><attrlabl Sync="TRUE">HISPANIC</attrlabl><attwidth Sync="TRUE">9</attwidth><atoutwid Sync="TRUE">9</atoutwid><attrtype Sync="TRUE">Number</attrtype></attr><attr><attrlabl Sync="TRUE">MALES</attrlabl><attwidth Sync="TRUE">9</attwidth><atoutwid Sync="TRUE">9</atoutwid><attrtype Sync="TRUE">Number</attrtype></attr><attr><attrlabl Sync="TRUE">FEMALES</attrlabl><attwidth Sync="TRUE">9</attwidth><atoutwid Sync="TRUE">9</atoutwid><attrtype Sync="TRUE">Number</attrtype></attr><attr><attrlabl Sync="TRUE">AGE_UNDER5</attrlabl><attwidth Sync="TRUE">9</attwidth><atoutwid Sync="TRUE">9</atoutwid><attrtype Sync="TRUE">Number</attrtype></attr><attr><attrlabl Sync="TRUE">AGE_5_17</attrlabl><attwidth Sync="TRUE">9</attwidth><atoutwid Sync="TRUE">9</atoutwid><attrtype Sync="TRUE">Number</attrtype></attr><attr><attrlabl Sync="TRUE">AGE_18_21</attrlabl><attwidth Sync="TRUE">9</attwidth><atoutwid Sync="TRUE">9</atoutwid><attrtype Sync="TRUE">Number</attrtype></attr><attr><attrlabl Sync="TRUE">AGE_22_29</attrlabl><attwidth Sync="TRUE">9</attwidth><atoutwid Sync="TRUE">9</atoutwid><attrtype Sync="TRUE">Number</attrtype></attr><attr><attrlabl Sync="TRUE">AGE_30_39</attrlabl><attwidth Sync="TRUE">9</attwidth><atoutwid Sync="TRUE">9</atoutwid><attrtype Sync="TRUE">Number</attrtype></attr><attr><attrlabl Sync="TRUE">AGE_40_49</attrlabl><attwidth Sync="TRUE">9</attwidth><atoutwid Sync="TRUE">9</atoutwid><attrtype Sync="TRUE">Number</attrtype></attr><attr><attrlabl Sync="TRUE">AGE_50_64</attrlabl><attwidth Sync="TRUE">9</attwidth><atoutwid Sync="TRUE">9</atoutwid><attrtype Sync="TRUE">Number</attrtype></attr><attr><attrlabl Sync="TRUE">AGE_65_UP</attrlabl><attwidth Sync="TRUE">9</attwidth><atoutwid Sync="TRUE">9</atoutwid><attrtype Sync="TRUE">Number</attrtype></attr><attr><attrlabl Sync="TRUE">MED_AGE</attrlabl><attwidth Sync="TRUE">10</attwidth><atoutwid Sync="TRUE">9</atoutwid><attrtype Sync="TRUE">Number</attrtype><atnumdec Sync="TRUE">1</atnumdec></attr><attr><attrlabl Sync="TRUE">MED_AGE_M</attrlabl><attwidth Sync="TRUE">10</attwidth><atoutwid Sync="TRUE">9</atoutwid><attrtype Sync="TRUE">Number</attrtype><atnumdec Sync="TRUE">1</atnumdec></attr><attr><attrlabl Sync="TRUE">MED_AGE_F</attrlabl><attwidth Sync="TRUE">10</attwidth><atoutwid Sync="TRUE">9</atoutwid><attrtype Sync="TRUE">Number</attrtype><atnumdec Sync="TRUE">1</atnumdec></attr><attr><attrlabl Sync="TRUE">HOUSEHOLDS</attrlabl><attwidth Sync="TRUE">9</attwidth><atoutwid Sync="TRUE">9</atoutwid><attrtype Sync="TRUE">Number</attrtype></attr><attr><attrlabl Sync="TRUE">AVE_HH_SZ</attrlabl><attwidth Sync="TRUE">10</attwidth><atoutwid Sync="TRUE">9</atoutwid><attrtype Sync="TRUE">Number</attrtype><atnumdec Sync="TRUE">2</atnumdec></attr><attr><attrlabl Sync="TRUE">HSEHLD_1_M</attrlabl><attwidth Sync="TRUE">9</attwidth><atoutwid Sync="TRUE">9</atoutwid><attrtype Sync="TRUE">Number</attrtype></attr><attr><attrlabl Sync="TRUE">HSEHLD_1_F</attrlabl><attwidth Sync="TRUE">9</attwidth><atoutwid Sync="TRUE">9</atoutwid><attrtype Sync="TRUE">Number</attrtype></attr><attr><attrlabl Sync="TRUE">MARHH_CHD</attrlabl><attwidth Sync="TRUE">9</attwidth><atoutwid Sync="TRUE">9</atoutwid><attrtype Sync="TRUE">Number</attrtype></attr><attr><attrlabl Sync="TRUE">MARHH_NO_C</attrlabl><attwidth Sync="TRUE">9</attwidth><atoutwid Sync="TRUE">9</atoutwid><attrtype Sync="TRUE">Number</attrtype></attr><attr><attrlabl Sync="TRUE">MHH_CHILD</attrlabl><attwidth Sync="TRUE">9</attwidth><atoutwid Sync="TRUE">9</atoutwid><attrtype Sync="TRUE">Number</attrtype></attr><attr><attrlabl Sync="TRUE">FHH_CHILD</attrlabl><attwidth Sync="TRUE">9</attwidth><atoutwid Sync="TRUE">9</atoutwid><attrtype Sync="TRUE">Number</attrtype></attr><attr><attrlabl Sync="TRUE">FAMILIES</attrlabl><attwidth Sync="TRUE">9</attwidth><atoutwid Sync="TRUE">9</atoutwid><attrtype Sync="TRUE">Number</attrtype></attr><attr><attrlabl Sync="TRUE">AVE_FAM_SZ</attrlabl><attwidth Sync="TRUE">10</attwidth><atoutwid Sync="TRUE">9</atoutwid><attrtype Sync="TRUE">Number</attrtype><atnumdec Sync="TRUE">2</atnumdec></attr><attr><attrlabl Sync="TRUE">HSE_UNITS</attrlabl><attwidth Sync="TRUE">9</attwidth><atoutwid Sync="TRUE">9</atoutwid><attrtype Sync="TRUE">Number</attrtype></attr><attr><attrlabl Sync="TRUE">URBAN</attrlabl><attwidth Sync="TRUE">9</attwidth><atoutwid Sync="TRUE">9</atoutwid><attrtype Sync="TRUE">Number</attrtype></attr><attr><attrlabl Sync="TRUE">RURAL</attrlabl><attwidth Sync="TRUE">9</attwidth><atoutwid Sync="TRUE">9</atoutwid><attrtype Sync="TRUE">Number</attrtype></attr><attr><attrlabl Sync="TRUE">VACANT</attrlabl><attwidth Sync="TRUE">9</attwidth><atoutwid Sync="TRUE">9</atoutwid><attrtype Sync="TRUE">Number</attrtype></attr><attr><attrlabl Sync="TRUE">OWNER_OCC</attrlabl><attwidth Sync="TRUE">9</attwidth><atoutwid Sync="TRUE">9</atoutwid><attrtype Sync="TRUE">Number</attrtype></attr><attr><attrlabl Sync="TRUE">RENTER_OCC</attrlabl><attwidth Sync="TRUE">9</attwidth><atoutwid Sync="TRUE">9</atoutwid><attrtype Sync="TRUE">Number</attrtype></attr><attr><atnumdec Sync="TRUE">11</atnumdec></attr><attr><atnumdec Sync="TRUE">11</atnumdec></attr></detailed></eainfo><distinfo><stdorder><ordering>Please use the on-line data request form found at www.denvergov.org/gis/ and return it to the GIS Supervisor</ordering><fees>Fee schedule and data samples at www.denvergov.org/gis/</fees><turnarnd>10 working days</turnarnd><digform><digtinfo><transize Sync="TRUE">0.000</transize><dssize Sync="TRUE">0.000</dssize></digtinfo></digform></stdorder><resdesc>Offline data</resdesc></distinfo><dataqual><lineage><srcinfo><typesrc>Digital file</typesrc><srcscale>100000</srcscale><srccite><citeinfo><origin>U.S. Department of Commerce, Bureau of the Census - Geography Division</origin><pubdate>April, 2001</pubdate><pubtime>Unknown</pubtime><title>bg_08_d00.e00</title><onlink>http://www.census.gov/geo/www/cob/bg2000.html</onlink></citeinfo></srccite><srctime><timeinfo><sngdate><caldate>April, 2001</caldate></sngdate></timeinfo><srccurr>ground condition</srccurr></srctime></srcinfo><procstep><proccont><cntinfo><cntpos></cntpos><cntfax>720-913-4830</cntfax><cntemail>denvergis@ci.denver.co.us</cntemail><hours>7:30am - 4:30pm MST</hours><cntaddr><addrtype>mailing and physical address</addrtype><address>201 W Colfax Ave Dept 301</address><city>Denver</city><state>Colorado</state><postal>80202</postal><country>USA</country></cntaddr><cntperp><cntper>Denver GIS</cntper><cntorg>City and County of Denver GIS</cntorg></cntperp></cntinfo></proccont><procdesc>This data-set was developed from the City &amp; County of Denver's census block coverage.  The STFID number for block groups was concatenated for the block coverage using Arcinfo.  The census blocks were dissolved into block groups using the STFID field..  Quality assurance/control was then performed and corrections made to the file.  The summary tape file 1 database was downloaded and joined to the 2000 census block group coverage.
</procdesc><procsv>Arcinfo 8.0.2, ArcView 3.2a</procsv><procdate>July 18, 2002</procdate></procstep><procstep><procdesc Sync="TRUE">Metadata imported.</procdesc><srcused Sync="TRUE">Q:\TS\Documents\metadata\CDC_BND_CENSUS2000BLKGRP_A.xml</srcused><date Sync="TRUE">20080807</date><time Sync="TRUE">12153700</time></procstep><procstep><procdesc Sync="TRUE">Dataset copied.</procdesc><srcused Sync="TRUE">Server=govgisdbd; Service=gisdbd; User=sd; Version=SDE.DEFAULT</srcused><procdate Sync="TRUE">20100428</procdate><proctime Sync="TRUE">13171600</proctime></procstep><procstep><procdesc Sync="TRUE">Dataset copied.</procdesc><srcused Sync="TRUE">Server=govgisdbd02; Service=gisdbd02; User=sd; Version=SDE.DEFAULT</srcused><procdate Sync="TRUE">20100807</procdate><proctime Sync="TRUE">16570100</proctime></procstep></lineage><posacc><horizpa><horizpar>The block group data layer was created from the City &amp; County of Denver's census block coverage which had been spatially adjusted to the following data-sets: county boundary (created from survey data, coordinate geometry and digitized at an unknown scale), street centerline (1:600 scale) and  railroads (digitized at 1:2400 scale). Additionally, features such as fence lines and extensions of features to complete topology were on-screen digitized at a scale of 1:1200.  In some cases, due to geographic errors that could not be fixed, the original census 2000 block boundary lines at a scale of 1:100000 were used.</horizpar></horizpa></posacc></dataqual><dataIdInfo><envirDesc Sync="TRUE">Microsoft Windows 2000 Version 5.2 (Build 3790) Service Pack 2; ESRI ArcCatalog 9.3.1.1850</envirDesc><dataLang><languageCode Sync="TRUE" value="en"></languageCode></dataLang><idCitation><resTitle Sync="TRUE">census_boundaries_block_group_2000</resTitle><presForm><PresFormCd Sync="TRUE" value="005"></PresFormCd></presForm></idCitation><spatRpType><SpatRepTypCd Sync="TRUE" value="001"></SpatRepTypCd></spatRpType><geoBox esriExtentType="decdegrees"><westBL Sync="TRUE">-105.110037</westBL><eastBL Sync="TRUE">-104.599352</eastBL><northBL Sync="TRUE">39.916326</northBL><southBL Sync="TRUE">39.61172</southBL><exTypeCode Sync="TRUE">1</exTypeCode></geoBox><dataExt><geoEle><GeoBndBox esriExtentType="native"><westBL Sync="TRUE">3109862.145147</westBL><eastBL Sync="TRUE">3252651.339245</eastBL><northBL Sync="TRUE">1758893.819346</northBL><southBL Sync="TRUE">1648944.335415</southBL><exTypeCode Sync="TRUE">1</exTypeCode></GeoBndBox></geoEle></dataExt></dataIdInfo><mdLang><languageCode Sync="TRUE" value="en"></languageCode></mdLang><mdStanName Sync="TRUE">ISO 19115 Geographic Information - Metadata</mdStanName><mdStanVer Sync="TRUE">DIS_ESRI1.0</mdStanVer><mdChar><CharSetCd Sync="TRUE" value="004"></CharSetCd></mdChar><mdHrLv><ScopeCd Sync="TRUE" value="005"></ScopeCd></mdHrLv><mdHrLvName Sync="TRUE">dataset</mdHrLvName><distInfo><distributor><distorTran><onLineSrc><orDesc Sync="TRUE">002</orDesc><linkage Sync="TRUE">file://\\govgisupdate\gisupdate\DenverGIS\projects\public_data_ftp\census\census_boundaries_block_group_2000.shp</linkage><protocol Sync="TRUE">Local Area Network</protocol></onLineSrc><transSize Sync="TRUE">0.000</transSize></distorTran><distorFormat><formatName Sync="TRUE">Shapefile</formatName></distorFormat></distributor></distInfo><refSysInfo><RefSystem><refSysID><identCode Sync="TRUE">NAD_1983_HARN_StatePlane_Colorado_Central_FIPS_0502_Feet</identCode></refSysID></RefSystem></refSysInfo><spatRepInfo><VectSpatRep><topLvl><TopoLevCd Sync="TRUE" value="001"></TopoLevCd></topLvl><geometObjs Name="census_boundaries_block_group_2000"><geoObjTyp><GeoObjTypCd Sync="TRUE" value="001"></GeoObjTypCd></geoObjTyp><geoObjCnt Sync="TRUE">0</geoObjCnt></geometObjs></VectSpatRep></spatRepInfo><mdDateSt Sync="TRUE">20100907</mdDateSt></metadata>
